"DESCRIPTION","DURATION IN MS","NAME","PARENT SUITE","START TIME","STATUS","STOP TIME","SUB SUITE","SUITE","TEST CLASS","TEST METHOD"
"","4758","TS3-01/04/05 · search suggests, submits, and groups results","firefox","2026-10-04","passed","2026-10-04","NationsData · Smoke @smoke","smoke.spec.ts","",""
"","4116","TS3-01/04/05 · search suggests, submits, and groups results","chromium","2026-10-04","passed","2026-10-04","NationsData · Smoke @smoke","smoke.spec.ts","",""
"","2573","TS4-01/05 · continent grid renders and filters","firefox","2026-10-04","passed","2026-10-04","NationsData · Smoke @smoke","smoke.spec.ts","",""
"","3163","TS1-04 · continent card navigates to continent page","firefox","2026-10-04","passed","2026-10-04","NationsData · Smoke @smoke","smoke.spec.ts","",""
"","3416","TS4-10 · unknown continent shows a graceful state","mobile","2026-10-04","passed","2026-10-04","NationsData · Smoke @smoke","smoke.spec.ts","",""
"","6223","TS5-05/08 · country lists cities that link to the streets map","mobile","2026-10-04","passed","2026-10-04","NationsData · Smoke @smoke","smoke.spec.ts","",""
"","9332","TS1-01/02 · home renders hero and exactly 7 continent cards","mobile","2026-10-04","passed","2026-10-04","NationsData · Smoke @smoke","smoke.spec.ts","",""
"","3485","TS7-17 · assistant returns the exact fallback for gibberish","mobile","2026-10-04","passed","2026-10-04","NationsData · Smoke @smoke","smoke.spec.ts","",""
"","3176","TS8-04 · unknown route redirects home","mobile","2026-10-04","passed","2026-10-04","NationsData · Smoke @smoke","smoke.spec.ts","",""
"","2055","TS1-01/02 · home renders hero and exactly 7 continent cards","chromium","2026-10-04","passed","2026-10-04","NationsData · Smoke @smoke","smoke.spec.ts","",""
"","1673","VIS-01 · light theme shows the light hero background","chromium","2026-10-04","passed","2026-10-04","VIS · Hero background — theme visual regression @visual","visual/hero-theme.spec.ts","",""
"","265","TS9-02 · country identity is server-rendered (SEO)","chromium","2026-10-04","passed","2026-10-04","NationsData · Smoke @smoke","smoke.spec.ts","",""
"","4551","TS4-01/05 · continent grid renders and filters","mobile","2026-10-04","passed","2026-10-04","NationsData · Smoke @smoke","smoke.spec.ts","",""
"","2718","TS7-17 · assistant returns the exact fallback for gibberish","firefox","2026-10-04","passed","2026-10-04","NationsData · Smoke @smoke","smoke.spec.ts","",""
"","5489","TS4-01/05 · continent grid renders and filters","webkit","2026-10-04","passed","2026-10-04","NationsData · Smoke @smoke","smoke.spec.ts","",""
"","7448","TS5-01/02 · country page shows identity and core facts","webkit","2026-10-04","passed","2026-10-04","NationsData · Smoke @smoke","smoke.spec.ts","",""
"","3644","TS4-10 · unknown continent shows a graceful state","webkit","2026-10-04","passed","2026-10-04","NationsData · Smoke @smoke","smoke.spec.ts","",""
"","7277","TS5-01/02 · country page shows identity and core facts","mobile","2026-10-04","passed","2026-10-04","NationsData · Smoke @smoke","smoke.spec.ts","",""
"","2873","TS1-04 · continent card navigates to continent page","chromium","2026-10-04","passed","2026-10-04","NationsData · Smoke @smoke","smoke.spec.ts","",""
"","2793","TS4-01/05 · continent grid renders and filters","chromium","2026-10-04","passed","2026-10-04","NationsData · Smoke @smoke","smoke.spec.ts","",""
"","10404","TS9-01 · home has the correct document title","webkit","2026-10-04","passed","2026-10-04","NationsData · Smoke @smoke","smoke.spec.ts","",""
"","3883","TS7-01/02 · assistant answers a bundled fact","mobile","2026-10-04","passed","2026-10-04","NationsData · Smoke @smoke","smoke.spec.ts","",""
"","1992","TS8-04 · unknown route redirects home","firefox","2026-10-04","passed","2026-10-04","NationsData · Smoke @smoke","smoke.spec.ts","",""
"","4507","TS1-01/02 · home renders hero and exactly 7 continent cards","firefox","2026-10-04","passed","2026-10-04","NationsData · Smoke @smoke","smoke.spec.ts","",""
"","245","TS9-02 · country identity is server-rendered (SEO)","webkit","2026-10-04","passed","2026-10-04","NationsData · Smoke @smoke","smoke.spec.ts","",""
"","7224","TS3-01/04/05 · search suggests, submits, and groups results","mobile","2026-10-04","passed","2026-10-04","NationsData · Smoke @smoke","smoke.spec.ts","",""
"","1867","TS4-10 · unknown continent shows a graceful state","chromium","2026-10-04","passed","2026-10-04","NationsData · Smoke @smoke","smoke.spec.ts","",""
"","3531","TS5-01/02 · country page shows identity and core facts","chromium","2026-10-04","passed","2026-10-04","NationsData · Smoke @smoke","smoke.spec.ts","",""
"","4494","TS6-01 · streets map renders for a city","webkit","2026-10-04","passed","2026-10-04","NationsData · Smoke @smoke","smoke.spec.ts","",""
"","6562","TS2-04/05 · theme toggle switches and persists across reload","firefox","2026-10-04","passed","2026-10-04","NationsData · Smoke @smoke","smoke.spec.ts","",""
"","10993","TS1-12 · footer names data sources and copyright","webkit","2026-10-04","passed","2026-10-04","NationsData · Smoke @smoke","smoke.spec.ts","",""
"","170","TS9-02 · country identity is server-rendered (SEO)","firefox","2026-10-04","passed","2026-10-04","NationsData · Smoke @smoke","smoke.spec.ts","",""
"","3252","TS7-17 · assistant returns the exact fallback for gibberish","webkit","2026-10-04","passed","2026-10-04","NationsData · Smoke @smoke","smoke.spec.ts","",""
"","8581","TS9-01 · home has the correct document title","mobile","2026-10-04","passed","2026-10-04","NationsData · Smoke @smoke","smoke.spec.ts","",""
"","13793","TS2-04/05 · theme toggle switches and persists across reload","webkit","2026-10-04","passed","2026-10-04","NationsData · Smoke @smoke","smoke.spec.ts","",""
"","12546","TS2-04/05 · theme toggle switches and persists across reload","mobile","2026-10-04","passed","2026-10-04","NationsData · Smoke @smoke","smoke.spec.ts","",""
"","8342","TS3-01/04/05 · search suggests, submits, and groups results","webkit","2026-10-04","passed","2026-10-04","NationsData · Smoke @smoke","smoke.spec.ts","",""
"","11162","TS1-01/02 · home renders hero and exactly 7 continent cards","webkit","2026-10-04","passed","2026-10-04","NationsData · Smoke @smoke","smoke.spec.ts","",""
"","2160","TS7-01/02 · assistant answers a bundled fact","chromium","2026-10-04","passed","2026-10-04","NationsData · Smoke @smoke","smoke.spec.ts","",""
"","1594","TS8-04 · unknown route redirects home","chromium","2026-10-04","passed","2026-10-04","NationsData · Smoke @smoke","smoke.spec.ts","",""
"","8226","TS1-12 · footer names data sources and copyright","mobile","2026-10-04","passed","2026-10-04","NationsData · Smoke @smoke","smoke.spec.ts","",""
"","1900","TS9-01 · home has the correct document title","chromium","2026-10-04","passed","2026-10-04","NationsData · Smoke @smoke","smoke.spec.ts","",""
"","1711","TS6-01 · streets map renders for a city","chromium","2026-10-04","passed","2026-10-04","NationsData · Smoke @smoke","smoke.spec.ts","",""
"","3875","TS8-04 · unknown route redirects home","webkit","2026-10-04","passed","2026-10-04","NationsData · Smoke @smoke","smoke.spec.ts","",""
"","3237","VIS-02 · dark theme shows the dark hero background","chromium","2026-10-04","passed","2026-10-04","VIS · Hero background — theme visual regression @visual","visual/hero-theme.spec.ts","",""
"","2874","TS7-01/02 · assistant answers a bundled fact","firefox","2026-10-04","passed","2026-10-04","NationsData · Smoke @smoke","smoke.spec.ts","",""
"","4823","TS1-12 · footer names data sources and copyright","firefox","2026-10-04","passed","2026-10-04","NationsData · Smoke @smoke","smoke.spec.ts","",""
"","5916","TS1-04 · continent card navigates to continent page","webkit","2026-10-04","passed","2026-10-04","NationsData · Smoke @smoke","smoke.spec.ts","",""
"","7501","TS5-05/08 · country lists cities that link to the streets map","webkit","2026-10-04","passed","2026-10-04","NationsData · Smoke @smoke","smoke.spec.ts","",""
"","2099","TS4-10 · unknown continent shows a graceful state","firefox","2026-10-04","passed","2026-10-04","NationsData · Smoke @smoke","smoke.spec.ts","",""
"","3497","TS6-01 · streets map renders for a city","mobile","2026-10-04","passed","2026-10-04","NationsData · Smoke @smoke","smoke.spec.ts","",""
"","5885","TS1-04 · continent card navigates to continent page","mobile","2026-10-04","passed","2026-10-04","NationsData · Smoke @smoke","smoke.spec.ts","",""
"","3107","TS5-05/08 · country lists cities that link to the streets map","chromium","2026-10-04","passed","2026-10-04","NationsData · Smoke @smoke","smoke.spec.ts","",""
"","3720","TS5-05/08 · country lists cities that link to the streets map","firefox","2026-10-04","passed","2026-10-04","NationsData · Smoke @smoke","smoke.spec.ts","",""
"","5101","TS9-01 · home has the correct document title","firefox","2026-10-04","passed","2026-10-04","NationsData · Smoke @smoke","smoke.spec.ts","",""
"","2754","TS2-04/05 · theme toggle switches and persists across reload","chromium","2026-10-04","passed","2026-10-04","NationsData · Smoke @smoke","smoke.spec.ts","",""
"","2777","TS6-01 · streets map renders for a city","firefox","2026-10-04","passed","2026-10-04","NationsData · Smoke @smoke","smoke.spec.ts","",""
"","4487","TS5-01/02 · country page shows identity and core facts","firefox","2026-10-04","passed","2026-10-04","NationsData · Smoke @smoke","smoke.spec.ts","",""
"","4778","TS7-01/02 · assistant answers a bundled fact","webkit","2026-10-04","passed","2026-10-04","NationsData · Smoke @smoke","smoke.spec.ts","",""
"","1970","TS1-12 · footer names data sources and copyright","chromium","2026-10-04","passed","2026-10-04","NationsData · Smoke @smoke","smoke.spec.ts","",""
"","1597","TS7-17 · assistant returns the exact fallback for gibberish","chromium","2026-10-04","passed","2026-10-04","NationsData · Smoke @smoke","smoke.spec.ts","",""
"","241","TS9-02 · country identity is server-rendered (SEO)","mobile","2026-10-04","passed","2026-10-04","NationsData · Smoke @smoke","smoke.spec.ts","",""
